<?xml version="1.0" encoding="utf-8"?>
<!-- 
	根标签为animation-list，其中oneshot代表着是否只展示一遍，设置为false会不停的循环播放动画
	根标签下，通过item标签对动画中的每一个图片进行声明
	android:duration 表示展示所用的该图片的时间长度
 -->
<animation-list
  xmlns:android="http://schemas.android.com/apk/res/android"
  android:oneshot="true"
  >
  	<item android:drawable="xiaoren01.png" android:duration="60"></item>
  	<item android:drawable="xiaoren02.png" android:duration="60"></item>
  	<item android:drawable="xiaoren03.png" android:duration="60"></item>
  	<item android:drawable="xiaoren04.png" android:duration="60"></item>
  	<item android:drawable="xiaoren05.png" android:duration="60"></item>
  	<item android:drawable="xiaoren06.png" android:duration="60"></item>
  	<item android:drawable="xiaoren07.png" android:duration="60"></item>
  	<item android:drawable="xiaoren08.png" android:duration="60"></item>
  	<item android:drawable="xiaoren09.png" android:duration="60"></item>
  	<item android:drawable="xiaoren10.png" android:duration="60"></item>
  	<item android:drawable="xiaoren11.png" android:duration="60"></item>
  	<item android:drawable="xiaoren12.png" android:duration="60"></item>
  	<item android:drawable="xiaoren13.png" android:duration="60"></item>
  	<item android:drawable="xiaoren14.png" android:duration="60"></item>
  	<item android:drawable="xiaoren15.png" android:duration="60"></item>
  	<item android:drawable="xiaoren16.png" android:duration="60"></item>
  	<item android:drawable="xiaoren17.png" android:duration="60"></item>
  	<item android:drawable="xiaoren18.png" android:duration="60"></item>
  	<item android:drawable="xiaoren19.png" android:duration="60"></item>
  	<item android:drawable="xiaoren20.png" android:duration="60"></item>
  	<item android:drawable="xiaoren21.png" android:duration="60"></item>
  	<item android:drawable="xiaoren22.png" android:duration="60"></item>
  	<item android:drawable="xiaoren23.png" android:duration="60"></item>
  	<item android:drawable="xiaoren24.png" android:duration="60"></item>
	<item android:drawable="xiaoren25.png" android:duration="60"></item>
	<item android:drawable="xiaoren26.png" android:duration="60"></item>
</animation-list>
